{"cameraMode":{"drawMode":0,"name":"Shaded","section":"Shading Mode"},"sceneLighting":false,"audioPlay":false,"sceneViewState":{"showFog":true,"showMaterialUpdate":false,"showSkybox":true,"showFlares":true,"showImageEffects":true,"showParticleSystems":true},"in2DMode":false,"pivot":{"x":-0.00019632279872894287,"y":-0.26357924938201907,"z":-9.985124588012696},"rotation":{"x":0.01158471405506134,"y":-0.13398873805999757,"z":-0.0015666807303205133,"w":-0.9909139275550842},"size":2.8578836917877199,"orthographic":false}