{"cameraMode":{"drawMode":0,"name":"Shaded","section":"Shading Mode"},"sceneLighting":false,"audioPlay":false,"sceneViewState":{"showFog":true,"showMaterialUpdate":false,"showSkybox":true,"showFlares":true,"showImageEffects":true,"showParticleSystems":true},"in2DMode":false,"pivot":{"x":1.1500000953674317,"y":-2.9802322387695315e-8,"z":0.0},"rotation":{"x":-0.09721921384334564,"y":-0.34422698616981509,"z":0.03586496040225029,"w":-0.9331505298614502},"size":7.817936420440674,"orthographic":false}